layer,name
Coral genetics,Lupita Ruiz-Jones
Coral genetics,Carlo Caruso
Coral genetics,Mariana Rocha De Souza
Coral genetics,Crawford Drury
Photogrammetry,Shreya Yadav
Photogrammetry,Spencer Miller
Photogrammetry,Joshua Madin
Photogrammetry,Ty Roach
Reef geometry,Shreya Yadav
Reef geometry,Joshua Madin
Sponge/coral interactions,Jan Vicente
Sponge/coral interactions,Rob Toonen
Coral demography,Thomas Oliver
Coral demography,Megan Donahue
Coral demography,Mike McWilliam
Coral demography,Joshua Madin
Fish communities,Elizabeth Madin
Fish communities,Shreya Yadav
Fish communities,Erik Franklin
Environmental DNA,Brian Bowen
Environmental DNA,Mykle Hoban
Environmental DNA,Cassie Lyons
Oceanography,
Water properties,Lupita Ruiz-Jones
Water properties,Ty Roach
Water properties,Dan Schar
Microbial communities,Michael Rappe
Microbial communities,Kelle Freel
Aerial maps,Catherine Foley
Aerial maps,Erik Franklin
Aerial maps,Josh Levy
Aerial maps,Elizabeth Madin
Satellite imagery,
Restoration assays,Zac Forsman
Restoration assays,Ingrid Knapp
Restoration assays,Rob Toonen
Education,
Outreach,