name,description
Photogrammetry,description
Environmental DNA,description
Coral landscape genetics,description
Coral physiology,Celluar and organismal physiology related to pH regulation
Coral epigenetics and transcriptomics,description
Coral metabolomics,description
Coral demography,description
Coral halo water microbiome,and exudates
Sponge/coral interactions,description
Microbial communities,description
Fish communities,description
Reef geometry,description
Oceanography,description
Water properties,description
Aerial maps,description
Satellite imagery,description
Restoration assays,description
Outreach,description
Education,description
